{
  "temp_min": 10.080456590106968,
  "temp_max": 34.95868778482374,
  "pop_min": 506.0,
  "pop_max": 9996.0,
  "energy_min": 1021.6962904231864,
  "energy_max": 49977.652017235625,
  "aqi_min": 30.0,
  "aqi_max": 199.0
}